AUGC	UAGC
UUAAGG	CCUUAA
GCGC	GCGC
AUAUA	UAUAU
AACCGG	CCGGAA
GGUUAA	AACCUU
CUAGCUAACCGGAACCGGAACCGGAACCGGAACCGGAACCGGAACCGG	AGCUAG
UUCGGA	UUCCGGAACCGGAACCGGAACCGG
AGAGAG	GAGAGA
CGAUCGAACCGGAACCGGAACCGG	CGAUCGAACCGGAACCGGAACCGGAACCGGAACCGG
AUGC	UAGC
UUAAGG	CCUUAA
GCGC	GCGC
AUAUA	UAUAU
AACCGG	CCGGAAAACCGGAACCGGAACCGGAACCGGAACCGGAACCGGAACCGGAACCGGAACCGG
GGUUAA	AACCUU
CUAGCU	AGCUAG
UUCGGA	UUCCGG
AGAGAG	GAGAGA
CGAUCG	CGAUCG
AUGC	UAGCAACCGGAACCGGAACCGGAACCGGAACCGG
UUAAGG	CCUUAA
GCGC	GCGC
AUAUAAACCGGAACCGGAACCGG	UAUAU
AACCGG	CCGGAACCGGAA
GGUUAA	AACCUU
CUAGCU	AGCUAG
UUCGGA	UUCCGG
AGAGAG	GAGAGA
CGAUCG	CGAUCG
AUGC	UAGC
UUAAGG	CCUUAA
GCGC	GCGC
AUAUA	UAUAU
AACCGG	CCGGAA
GGUUAA	AACCUU
CUAGCU	AGCUAG
UUCGGA	UUCCGG
AGAGAG	GAGAGA
CGAUCG	CGAUCG
AUGC	UAGC
UUAAGG	CCUUAA
GCGC	GCGC
AUAUA	UAUAU
AACCGG	CCGGAA
GGUUAA	AACCUU
CUAGCU	AGCUAG
UUCGGA	UUCCGG
AGAGAG	GAGAGA
CGAUCG	CGAUCG
